[
    {
        "id": 0,
        "customerName": "Hima sree",
        "phoneNumber": "3492349012",
        "address": "Tempe, AZ",
        "interest": "6",
        "loanTermYears": "4",
        "monthlyPayment": "250",
        "loanAmount": "",
        "loanType": "Education Loan",
        "description": "bank offers a loan at an annual interest rate of 6% and you are willing to pay $250 per month for 4 years"
        
    },
    {
        "id": 1,
        "customerName": "Chaitanya",
        "phoneNumber": "4562347892",
        "address": "Tempe, AZ",
        "interest": "6",
        "loanTermYears": "5",
        "monthlyPayment": "300",
        "loanAmount": "",
        "loanType": "Education Loan",
        "description": "bank offers a loan at an annual interest rate of 6% and you are willing to pay $300 per month for 5 years"
        
    },
    {
        "id": 2,
        "customerName": "Ankitha",
        "phoneNumber": "3628901672",
        "address": "Tempe, AZ",
        "interest": "7",
        "loanTermYears": "4",
        "monthlyPayment": "250",
        "loanAmount": "",
        "loanType": "Personal Loan",
        "description": "bank offers a loan at an annual interest rate of 7% and you are willing to pay $250 per month for 4 years"
        
    },
    {
        "id": 3,
        "customerName": "Eswar",
        "phoneNumber": "4782907829",
        "address": "Tempe, AZ",
        "interest": "7",
        "loanTermYears": "4",
        "monthlyPayment": "450",
        "loanAmount": "",
        "loanType": "House Loan",
        "description": "bank offers a loan at an annual interest rate of 7% and you are willing to pay $260 per month for 4 years"
        
    },
    {
        "id": 4,
        "customerName": "Sandy",
        "phoneNumber": "5267902456",
        "address": "Tempe, AZ",
        "interest": "8",
        "loanTermYears": "5",
        "monthlyPayment": "300",
        "loanAmount": "",
        "loanType": "Medical Loan",
        "description": "bank offers a loan at an annual interest rate of 8% and you are willing to pay $300 per month for 5 years"
        
    }

    
]

